{"cameraMode":{"drawMode":0,"name":"Shaded","section":"Shading Mode"},"sceneLighting":false,"audioPlay":false,"sceneViewState":{"m_AlwaysRefresh":false,"showFog":true,"showSkybox":false,"showFlares":true,"showImageEffects":true,"showParticleSystems":true,"showVisualEffectGraphs":true,"m_FxEnabled":true},"in2DMode":false,"pivot":{"x":2.4075870513916017,"y":6.283501625061035,"z":-3.941105365753174},"rotation":{"x":0.07758001238107681,"y":0.028691524639725686,"z":0.002233667066320777,"w":-0.99657142162323},"size":0.8797862529754639,"orthographic":false}