{"cameraMode":{"drawMode":0,"name":"Shaded","section":"Shading Mode"},"sceneLighting":false,"audioPlay":false,"sceneViewState":{"m_AlwaysRefresh":false,"showFog":true,"showSkybox":false,"showFlares":true,"showImageEffects":true,"showParticleSystems":true,"showVisualEffectGraphs":true,"m_FxEnabled":true},"in2DMode":false,"pivot":{"x":-50.93523025512695,"y":5.858110427856445,"z":-2.2211050987243654},"rotation":{"x":0.06110968068242073,"y":-0.03713954985141754,"z":-0.0022752650547772648,"w":-0.9974375367164612},"size":0.3950278162956238,"orthographic":false}