{"cameraMode":{"drawMode":0,"name":"Shaded","section":"Shading Mode"},"sceneLighting":true,"audioPlay":false,"sceneViewState":{"m_AlwaysRefresh":false,"showFog":true,"showSkybox":true,"showFlares":true,"showImageEffects":true,"showParticleSystems":true,"showVisualEffectGraphs":true,"m_FxEnabled":true},"in2DMode":false,"pivot":{"x":0.2763102054595947,"y":0.41539496183395388,"z":-0.729893684387207},"rotation":{"x":0.023044977337121965,"y":0.9759475588798523,"z":-0.12898027896881104,"w":0.17430907487869264},"size":1.2939081192016602,"orthographic":false}