{"cameraMode":{"drawMode":0,"name":"Shaded","section":"Shading Mode"},"sceneLighting":true,"audioPlay":false,"sceneViewState":{"m_AlwaysRefresh":false,"showFog":true,"showSkybox":true,"showFlares":true,"showImageEffects":true,"showParticleSystems":true,"showVisualEffectGraphs":true,"m_FxEnabled":true},"in2DMode":false,"pivot":{"x":-8.391905784606934,"y":2.766880989074707,"z":1.1167173385620118},"rotation":{"x":-0.025432908907532693,"y":0.7392770051956177,"z":-0.027965208515524865,"w":-0.6723387837409973},"size":6.884714126586914,"orthographic":false}