{"cameraMode":{"drawMode":0,"name":"Shaded","section":"Shading Mode"},"sceneLighting":true,"audioPlay":false,"sceneViewState":{"m_AlwaysRefresh":false,"showFog":true,"showSkybox":true,"showFlares":true,"showImageEffects":true,"showParticleSystems":true,"showVisualEffectGraphs":true,"m_FxEnabled":true},"in2DMode":false,"pivot":{"x":70.91622924804688,"y":11.911730766296387,"z":11.33004379272461},"rotation":{"x":0.051241304725408557,"y":0.8315667510032654,"z":-0.07781894505023956,"w":0.5475553870201111},"size":23.07859992980957,"orthographic":false}