{"cameraMode":{"drawMode":0,"name":"Shaded","section":"Shading Mode"},"sceneLighting":true,"audioPlay":false,"sceneViewState":{"m_AlwaysRefresh":false,"showFog":true,"showSkybox":true,"showFlares":true,"showImageEffects":true,"showParticleSystems":true,"showVisualEffectGraphs":true,"m_FxEnabled":true},"in2DMode":false,"pivot":{"x":1.6618984937667847,"y":1.5266188383102418,"z":0.5076192617416382},"rotation":{"x":0.03583031892776489,"y":-0.7433822154998779,"z":-0.039950910955667499,"w":-0.6667110323905945},"size":2.2152440547943117,"orthographic":false}