{"cameraMode":{"drawMode":0,"name":"Shaded","section":"Shading Mode"},"sceneLighting":false,"audioPlay":false,"sceneViewState":{"m_AlwaysRefresh":false,"showFog":true,"showSkybox":false,"showFlares":true,"showImageEffects":true,"showParticleSystems":true,"showVisualEffectGraphs":true,"m_FxEnabled":true},"in2DMode":false,"pivot":{"x":5.7959747314453129,"y":6.248866081237793,"z":3.7688941955566408},"rotation":{"x":0.0791005864739418,"y":-0.013175927102565766,"z":-0.0010454630246385933,"w":-0.9967787861824036},"size":0.8544657826423645,"orthographic":false}