{"cameraMode":{"drawMode":0,"name":"Shaded","section":"Shading Mode"},"sceneLighting":false,"audioPlay":false,"sceneViewState":{"m_AlwaysRefresh":false,"showFog":true,"showSkybox":false,"showFlares":true,"showImageEffects":true,"showParticleSystems":true,"showVisualEffectGraphs":true,"m_FxEnabled":true},"in2DMode":false,"pivot":{"x":2.8959734439849855,"y":6.248866081237793,"z":-2.4011054039001467},"rotation":{"x":0.06383385509252548,"y":-0.0983545184135437,"z":-0.006321955472230911,"w":-0.9930819869041443},"size":0.8544658422470093,"orthographic":false}